<?xml version="1.0" encoding="UTF-8"?>
<configuration>

    <appender name="STDOUT" class="ch.qos.logback.core.ConsoleAppender">
        <encoder>
            <!--<Pattern>%d{HH:mm:ss.SSS} [%T] %level %logger{36} - %msg%n</Pattern>-->
            <Pattern>%d{yyyy/MM/dd-HH:mm:ss} %level [%thread] %caller{1} - %msg%n</Pattern>
        </encoder>
    </appender>

    <logger name="com.dongnaoedu" level="debug" addtivity="false"/>
    <logger name="org.springframework" level="error"  addtivity="false" />

    <root level="debug">
        <appender-ref ref="STDOUT"/>
    </root>

</configuration>